IP, IP2
10.1.1.151, 192.168.2.151
10.1.1.152, 192.168.2.152
10.1.1.153, 192.168.2.153
10.1.1.154, 192.168.2.154
10.1.1.155, 192.168.2.155
10.1.1.156, 192.168.2.156
10.1.1.157, 192.168.2.157
10.1.1.158, 192.168.2.158
10.1.1.159, 192.168.2.159
10.1.1.160, 192.168.2.160
10.1.1.161, 192.168.2.161
10.1.1.162, 192.168.2.162
10.1.1.163, 192.168.2.163
10.1.1.164, 192.168.2.164
10.1.1.165, 192.168.2.165
10.1.1.166, 192.168.2.166
10.1.1.167, 192.168.2.167
10.1.1.168, 192.168.2.168
10.1.1.169, 192.168.2.169
10.1.1.170, 192.168.2.170
10.1.1.171, 192.168.2.171
10.1.1.172, 192.168.2.172
10.1.1.173, 192.168.2.173
10.1.1.174, 192.168.2.174
10.1.1.175, 192.168.2.175
10.1.1.176, 192.168.2.176
10.1.1.177, 192.168.2.177
10.1.1.178, 192.168.2.178
10.1.1.179, 192.168.2.179
10.1.1.180, 192.168.2.180
10.1.1.181, 192.168.2.181
10.1.1.182, 192.168.2.182
10.1.1.183, 192.168.2.183
10.1.1.184, 192.168.2.184
10.1.1.185, 192.168.2.185
10.1.1.186, 192.168.2.186
10.1.1.187, 192.168.2.187
10.1.1.188, 192.168.2.188
10.1.1.189, 192.168.2.189
10.1.1.190, 192.168.2.190
10.1.1.191, 192.168.2.191
10.1.1.192, 192.168.2.192
10.1.1.193, 192.168.2.193
10.1.1.194, 192.168.2.194
10.1.1.195, 192.168.2.195
10.1.1.196, 192.168.2.196
10.1.1.197, 192.168.2.197
10.1.1.198, 192.168.2.198
10.1.1.199, 192.168.2.199
10.1.1.200, 192.168.2.200
10.1.1.201, 192.168.2.201
10.1.1.202, 192.168.2.202
10.1.1.203, 192.168.2.203
10.1.1.204, 192.168.2.204
10.1.1.205, 192.168.2.205
10.1.1.206, 192.168.2.206
10.1.1.207, 192.168.2.207
10.1.1.208, 192.168.2.208
10.1.1.209, 192.168.2.209
10.1.1.210, 192.168.2.210
10.1.1.211, 192.168.2.211
10.1.1.212, 192.168.2.212
10.1.1.213, 192.168.2.213
10.1.1.214, 192.168.2.214
10.1.1.215, 192.168.2.215
10.1.1.216, 192.168.2.216
10.1.1.217, 192.168.2.217
10.1.1.218, 192.168.2.218
10.1.1.219, 192.168.2.219
10.1.1.220, 192.168.2.220
10.1.1.221, 192.168.2.221
10.1.1.222, 192.168.2.222
10.1.1.223, 192.168.2.223
10.1.1.224, 192.168.2.224
10.1.1.225, 192.168.2.225
10.1.1.226, 192.168.2.226
10.1.1.227, 192.168.2.227
10.1.1.228, 192.168.2.228
10.1.1.229, 192.168.2.229
10.1.1.2, 192.168.2.2
10.1.1.231, 192.168.2.231
10.1.1.232, 192.168.2.232
10.1.1.233, 192.168.2.233
10.1.1.234, 192.168.2.234
10.1.1.235, 192.168.2.235
10.1.1.236, 192.168.2.236
10.1.1.237, 192.168.2.237
10.1.1.238, 192.168.2.238
10.1.1.239, 192.168.2.239
10.1.1.240, 192.168.2.240
10.1.1.241, 192.168.2.241
10.1.1.242, 192.168.2.242
10.1.1.243, 192.168.2.243
10.1.1.244, 192.168.2.244
10.1.1.245, 192.168.2.245
10.1.1.246, 192.168.2.246
10.1.1.247, 192.168.2.247
10.1.1.248, 192.168.2.248
10.1.1.249, 192.168.2.249
10.1.1.250, 192.168.2.250